Workbook

Sheet Planilha1
B2: Mídia paga | G2: Google
B3: Influenciadores | G3: Meta
B4: Social/Produção de mídia | G4: Linkedin
B5: Eventos/parcerias | G5: Tik Tok
B6: Branding | G6: Fee
B7: Terceiros/Software/ Consultoria em MKT | G7: Comissão
B8: Diretoria | G8: Extras
G9: Produção de vídeo
G10: Equipamentos/estrutura
G11: Fee
G12: Materiais de comunicação
G13: Envoval escritório
G14: Materiais Doris
G15: Vídeo de marca
G16: Freela Designer
G17: Tráfego pago
G18: WPP
G19: PR
G20: Agência de mkt
... G22: Reembolsos Louise

Sheet Resumo
C3: Jan.26 | D3: Feb.26 | E3: Mar.26 | F3: Apr.26 | G3: May.26 | H3: Jun.26 | I3: Jul.26 | J3: Aug.26 | K3: Sep.26 | L3: Oct.26 | M3: Nov.26 | N3: Dec.26 | O3: 2026
B4: Plan | C4: ='Overview (2)'!Q3 -> 133149 | D4: ='Overview (2)'!S3 -> 133149 | E4: ='Overview (2)'!U3 -> 241962.32 | F4: ='Overview (2)'!W3 -> 366641.65 | G4: ='Overview (2)'!Y3 -> 485834.6 | H4: ='Overview (2)'!AA3 -> 476914.7 | I4: ='Overview (2)'!AC3 -> 1182096.7 | J4: ='Overview (2)'!AE3 -> 1184344.6 | K4: ='Overview (2)'!AG3 -> 1184773.1 | L4: ='Overview (2)'!AI3 -> 2388346.6 | M4: ='Overview (2)'!AK3 -> 2457067 | N4: ='Overview (2)'!AM3 -> 2388256 | O4: =SUM(C4:N4) -> 12622535 | P4: =P8-O4 -> 2541.6326
B5: Real | C5: ='Overview (2)'!R3 -> 158606.25 | D5: ='Overview (2)'!T3 -> 122288.3 | E5: ='Overview (2)'!V3 -> 327.6 | F5: ='Overview (2)'!X3 -> 0 | G5: ='Overview (2)'!Z3 -> 0 | H5: ='Overview (2)'!AB3 -> 0 | I5: ='Overview (2)'!AD3 -> 0 | J5: ='Overview (2)'!AF3 -> 0 | K5: ='Overview (2)'!AH3 -> 0 | L5: ='Overview (2)'!AJ3 -> 0 | M5: ='Overview (2)'!AL3 -> 0 | N5: ='Overview (2)'!AN3 -> 0 | O5: =SUM(C5:N5) -> 281222.15
B6: Dif | C6: =C4-C5 -> -25457.25 | D6: =D4-D5 -> 10860.7 | E6: =E4-E5 -> 241634.72 | F6: =F4-F5 -> 366641.65 | G6: =G4-G5 -> 485834.6 | H6: =H4-H5 -> 476914.7 | I6: =I4-I5 -> 1182096.7 | J6: =J4-J5 -> 1184344.6 | ... N6: =N4-N5 -> 2388256 | O6: =SUM(C6:N6) -> 12341313
B8: Plan Pedro | C8: =(399447.99-133149)/2 -> 133149.49 | D8: =(399447.99-133149)/2 -> 133149.49 | E8: 241000 | F8: =476856-108000 -> 368856 | G8: 486856 | H8: 476856 | I8: 1182171 | J8: 1184601 | K8: 1184601 | L8: 2388056 | M8: =2457576 -> 2457576 | N8: 2388056 | O8: =SUM(C8:N8) -> 12624928 | P8: 12625077
B9: Dif | C9: =C8-C5 -> -25456.755 | D9: =D8-D5 -> 10861.195 | E9: =E8-E5 -> 240672.4 | F9: =F8-F5 -> 368856 | G9: =G8-G5 -> 486856 | H9: =H8-H5 -> 476856 | I9: =I8-I5 -> 1182171 | J9: =J8-J5 -> 1184601 | ... N9: =N8-N5 -> 2388056 | O9: =SUM(C9:N9) -> 12343706
C11: Q1 | D11: Q2 | E11: Q3 | F11: Q4
B12: Plan Pedro | C12: =SUM(C8:E8) -> 507298.99 | D12: =SUM(F8:H8) -> 1332568 | E12: =SUM(I8:K8) -> 3551373 | F12: =SUM(L8:N8) -> 7233688 | G12: =SUM(C12:F12) -> 12624928
B13: Plan Lou | C13: =SUM(C4:E4) -> 508260.32 | D13: =SUM(F4:H4) -> 1329391 | E13: =SUM(H4:J4) -> 2843356 | F13: =SUM(L4:N4) -> 7233669.6 | G13: =SUM(C13:F13) -> 11914677
B14: Dif | C14: =C12-C13 -> -961.33 | D14: =D12-D13 -> 3177.0467 | E14: =E12-E13 -> 708016.98 | F14: =F12-F13 -> 18.369231 | G14: =SUM(C14:F14) -> 710251.07

Sheet Overview (2)
B1: 45925 | D1: 45955 | F1: 45986 | H1: 46016 | J1: 2025 | M1: Teto 2025 | N1: Disponível | O1: 5.3 | Q1: 46048 | S1: 46079 | U1: 46107 | W1: 46138 | Y1: 46168 | AA1: 46199 | AC1: 46229 | AE1: 46260 | AG1: 46291 | AI1: 46321 | AK1: 45987 | AM1: 46017 | AO1: 2026 | AP1: 12625077 | AQ1: =AP1-AO3 -> -12054.907
B2: Plan | C2: Real | D2: Plan | E2: Real | F2: Plan | G2: Real | H2: Plan | I2: Real | J2: Plan | K2: Real | Q2: Plan | R2: Real | S2: Plan | T2: Real | U2: Plan | V2: Real | W2: Plan | X2: Real | Y2: Plan | Z2: Real | AA2: Plan | AB2: Real | AC2: Plan | AD2: Real | AE2: Plan | AF2: Real | AG2: Plan | AH2: Real | AI2: Plan | AJ2: Real | AK2: Plan | AL2: Real | AM2: Plan | AN2: Real | AO2: Plan | AP2: Real
B3: =SUM(B5,B12,B17,B21,B31,B40,B26) -> 19150 | C3: =SUM(C5,C12,C17,C21,C31,C40,C26) -> 15798.17 | D3: =SUM(D5,D12,D17,D21,D31,D40,D26) -> 6079 | E3: =SUM(E5,E12,E17,E21,E31,E40,E26) -> 44040.46 | F3: =SUM(F5,F12,F17,F21,F31,F40,F26) -> 60030.5 | G3: =SUM(G5,G12,G17,G21,G31,G40,G26) -> 17565.05 | H3: =SUM(H5,H12,H17,H21,H31,H40,H26) -> 153275.5 | I3: =SUM(I5,I12,I17,I21,I31,I40,I26) -> 12785.66 | J3: =SUM(B3,D3,F3,H3) -> 238535 | K3: =SUM(C3,E3,G3,I3) -> 90189.34 | M3: 322800 | N3: =M3-J3 -> 84265 | Q3: 133149 | R3: =SUM(R5,R12,R17,R21,R31,R40,R26,R42) -> 158606.25 | S3: 133149 | T3: =SUM(T5,T12,T17,T21,T31,T40,T26,T42) -> 122288.3 | U3: =SUM(U5,U12,U17,U21,U31,U40,U26,U42) -> 241962.32 | V3: =SUM(V5,V12,V17,V21,V31,V40,V26,V42) -> 327.6 | W3: =SUM(W5,W12,W17,W21,W31,W40,W26,W42) -> 366641.65 | X3: =SUM(X5,X12,X17,X21,X31,X40,X26,X42) -> 0 | Y3: =SUM(Y5,Y12,Y17,Y21,Y31,Y40,Y26,Y42) -> 485834.6 | Z3: =SUM(Z5,Z12,Z17,Z21,Z31,Z40,Z26,Z42) -> 0 | AA3: =SUM(AA5,AA12,AA17,AA21,AA31,AA40,AA26,AA42) -> 476914.7 | ... AP3: =SUM(AP5,AP12,AP17,AP21,AP31,AP40,AP26,AP42) -> 281222.15
Q4: 133149 | S4: 133149 | U4: 241000 | W4: =476856-105000 -> 371856 | Y4: 486856 | AA4: 476856 | AC4: 1182171 | AE4: 1184601 | AG4: 1184601 | AI4: 2388056 | AK4: 2457576 | AM4: 2388056 | AO4: =SUM(AM4,AK4,AI4,AG4,AE4,AC4,AA4,Y4,W4,U4,S4,Q4) -> 12627927 | AP4: =SUM(AN4,AL4,AJ4,AH4,AF4,AD4,AB4,Z4,X4,V4,T4,R4) -> 0
A5: Mídia paga | B5: =SUM(B6:B9) -> 10000 | C5: =SUM(C6:C9) -> 7485.39 | D5: =SUM(D6:D9) -> 4500 | E5: =SUM(E6:E9) -> 2645.78 | F5: =SUM(F6:F9) -> 17500 | G5: =SUM(G6:G9) -> 4328.82 | H5: =SUM(H6:H9) -> 10000 | I5: =SUM(I6:I9) -> 0 | J5: =SUM(B5,D5,F5,H5) -> 42000 | K5: =SUM(C5,E5,G5,I5) -> 14459.99 | Q5: =SUM(Q6:Q10) -> 16198.88 | R5: =SUM(R6:R10) -> 16198.88 | S5: =SUM(S6:S10) -> 1070.91 | T5: =SUM(T6:T10) -> 1070.91 | U5: =SUM(U6:U10) -> 0 | V5: =SUM(V6:V10) -> 0 | W5: =SUM(W6:W10) -> 162756 | X5: =SUM(X6:X10) -> 0 | ... AN5: =SUM(AN6:AN10) -> 0 | AO5: =SUM(AM5,AK5,AI5,AG5,AE5,AC5,AA5,Y5,W5,U5,S5,Q5) -> 7161876.8 | AP5: =SUM(AN5,AL5,AJ5,AH5,AF5,AD5,AB5,Z5,X5,V5,T5,R5) -> 17269.79
A6: Google | B6: 3000 | C6: 614.05 | E6: 1846 | F6: 3000 | H6: 0 | J6: =SUM(B6,D6,F6,H6) -> 6000 | K6: =SUM(C6,E6,G6,I6) -> 2460.05 | Q6: 0 | S6: 0 | U6: 0 | W6: 40431 | Y6: 49745 | AA6: 80343 | AC6: 118557 | AE6: 169176 | AG6: 223634 | AI6: 284437 | AK6: 357476 | AM6: 451034 | AO6: =SUM(AM6,AK6,AI6,AG6,AE6,AC6,AA6,Y6,W6,U6,S6,Q6) -> 1774833 | AP6: =SUM(AN6,AL6,AJ6,AH6,AF6,AD6,AB6,Z6,X6,V6,T6,R6) -> 0
A7: Meta | B7: 2000 | C7: 2000.84 | D7: 3000 | E7: 477.84 | F7: 10000 | G7: 4328.82 | H7: 10000 | I7: 5272,38 | J7: =SUM(B7,D7,F7,H7) -> 25000 | K7: =SUM(C7,E7,G7,I7) -> 6807.5 | Q7: =R7 -> 16198.88 | R7: =16198.88 -> 16198.88 | S7: =T7 -> 1070.91 | T7: 1070.91 | U7: 0 | W7: 98086 | Y7: 120681 | AA7: 194912 | AC7: 287619 | AE7: 410420 | AG7: 542533 | AI7: 690040 | AK7: 867232 | AM7: 1094203 | AO7: =SUM(AM7,AK7,AI7,AG7,AE7,AC7,AA7,Y7,W7,U7,S7,Q7) -> 4322995.8 | AP7: =SUM(AN7,AL7,AJ7,AH7,AF7,AD7,AB7,Z7,X7,V7,T7,R7) -> 17269.79
A8: Linkedin | B8: 5000 | C8: 4870.5 | E8: 321.94 | F8: 1500 | H8: 0 | J8: =SUM(B8,D8,F8,H8) -> 6500 | K8: =SUM(C8,E8,G8,I8) -> 5192.44 | Q8: 0 | S8: 0 | W8: 163 | Y8: 200 | AA8: 323 | AC8: 477 | AE8: 681 | AG8: 900 | AI8: 1144 | AK8: 1438 | AM8: 1815 | AO8: =SUM(AM8,AK8,AI8,AG8,AE8,AC8,AA8,Y8,W8,U8,S8,Q8) -> 7141 | AP8: =SUM(AN8,AL8,AJ8,AH8,AF8,AD8,AB8,Z8,X8,V8,T8,R8) -> 0
A9: Tik Tok | B9: 0 | D9: 1500 | F9: 3000 | H9: 0 | J9: =SUM(B9,D9,F9,H9) -> 4500 | K9: =SUM(C9,E9,G9,I9) -> 0 | Q9: 0 | S9: 0 | W9: 14641 | Y9: 18014 | AA9: 29094 | AC9: 42933 | AE9: 61263 | AG9: 80984 | AI9: 103002 | AK9: 129451 | AM9: 163331 | AO9: =SUM(AM9,AK9,AI9,AG9,AE9,AC9,AA9,Y9,W9,U9,S9,Q9) -> 642713 | AP9: =SUM(AN9,AL9,AJ9,AH9,AF9,AD9,AB9,Z9,X9,V9,T9,R9) -> 0
A10: App Store | Q10: 0 | S10: 0 | W10: 9435 | Y10: 11609 | AA10: 18750 | AC10: 27668 | AE10: 39481 | AG10: 52190 | AI10: 66379 | AK10: 83424 | AM10: 105258 | AO10: =SUM(AM10,AK10,AI10,AG10,AE10,AC10,AA10,Y10,W10,U10,S10,Q10) -> 414194 | AP10: =SUM(AN10,AL10,AJ10,AH10,AF10,AD10,AB10,Z10,X10,V10,T10,R10) -> 0
A12: Influenciadores | B12: =SUM(B13:B15) -> 0 | C12: =SUM(C13:C15) -> 0 | D12: =SUM(D13:D15) -> 0 | E12: =SUM(E13:E15) -> 0 | F12: =SUM(F13:F15) -> 30000 | G12: =SUM(G13:G15) -> 5800 | H12: =SUM(H13:H15) -> 30000 | I12: =SUM(I13:I15) -> 0 | J12: =SUM(B12,D12,F12,H12) -> 60000 | K12: =SUM(C12,E12,G12,I12) -> 5800 | Q12: =SUM(Q13:Q15) -> 19300 | R12: =SUM(R13:R15) -> 19300 | S12: =SUM(S13:S15) -> 0 | T12: =SUM(T13:T15) -> 0 | U12: =SUM(U13:U15) -> 14500 | V12: =SUM(V13:V15) -> 0 | W12: =SUM(W13:W15) -> 72000 | X12: =SUM(X13:X15) -> 0 | ... AP12: =SUM(AP13:AP15) -> 19300
A13: Fee | F13: 30000 | G13: 5800 | H13: 30000 | J13: =SUM(B13,D13,F13,H13) -> 60000 | K13: =SUM(C13,E13,G13,I13) -> 5800 | Q13: =R13 -> 19300 | R13: 19300 | S13: 0 | U13: 14500 | W13: 72000 | Y13: 130000 | AA13: 20000 | AC13: 535000 | AE13: 411000 | AG13: 182000 | AI13: 1143000 | AK13: 608000 | AM13: 451000 | AO13: =SUM(AM13,AK13,AI13,AG13,AE13,AC13,AA13,Y13,W13,U13,S13,Q13) -> 3585800 | AP13: =SUM(AN13,AL13,AJ13,AH13,AF13,AD13,AB13,Z13,X13,V13,T13,R13) -> 19300
A14: Comissão | J14: =SUM(B14,D14,F14,H14) -> 0 | K14: =SUM(C14,E14,G14,I14) -> 0
A15: Extras | J15: =SUM(B15,D15,F15,H15) -> 0 | K15: =SUM(C15,E15,G15,I15) -> 0
A17: Social/Produção de mídia | B17: =SUM(B18:B19) -> 200 | C17: =SUM(C18:C19) -> 0 | D17: =SUM(D18:D19) -> 1000 | E17: =SUM(E18:E19) -> 30556.56 | F17: =SUM(F18:F19) -> 2600 | G17: =SUM(G18:G19) -> 0 | H17: =SUM(H18:H19) -> 78500 | I17: =SUM(I18:I19) -> 0 | ... K17: =SUM(K18:K19) -> 618.41 | Q17: =SUM(Q18:Q19) -> 1500 | R17: =SUM(R18:R19) -> 1500 | S17: =SUM(S18:S19) -> 0 | T17: =SUM(T18:T19) -> 0 | U17: =SUM(U18:U19) -> 0 | V17: =SUM(V18:V19) -> 0 | W17: =SUM(W18:W19) -> 0 | X17: =SUM(X18:X19) -> 0 | ... AN17: =SUM(AN18:AN19) -> 0 | AO17: =SUM(AM17,AK17,AI17,AG17,AE17,AC17,AA17,Y17,W17,U17,S17,Q17) -> 14405 | AP17: =SUM(AN17,AL17,AJ17,AH17,AF17,AD17,AB17,Z17,X17,V17,T17,R17) -> 1500
A18: Produção de vídeo | E18: 29938.15 | F18: 2000 | H18: 78500 | Q18: 1500 | R18: 1500 | Y18: 3000 | AC18: 3000 | AI18: 3000 | AK18: 3000 | AO18: =SUM(AM18,AK18,AI18,AG18,AE18,AC18,AA18,Y18,W18,U18,S18,Q18) -> 13500 | AP18: =SUM(AN18,AL18,AJ18,AH18,AF18,AD18,AB18,Z18,X18,V18,T18,R18) -> 1500
A19: Equipamentos/estrutura | B19: 200 | D19: 1000 | E19: 618.41 | F19: 600 | H19: 0 | J19: =SUM(B19,D19,F19,H19) -> 1800 | K19: =SUM(C19,E19,G19,I19) -> 618.41 | R19: 0 | AE19: 500 | AM19: 405 | AO19: =SUM(AM19,AK19,AI19,AG19,AE19,AC19,AA19,Y19,W19,U19,S19,Q19) -> 905 | AP19: =SUM(AN19,AL19,AJ19,AH19,AF19,AD19,AB19,Z19,X19,V19,T19,R19) -> 0
A21: Eventos/parcerias | B21: =SUM(B22:B24) -> 450 | C21: =SUM(C22:C24) -> 441.5 | D21: =SUM(D22:D24) -> 0 | E21: =SUM(E22:E24) -> 1096.3 | F21: =SUM(F22:F24) -> 2500 | G21: =SUM(G22:G24) -> 236 | H21: =SUM(H22:H24) -> 30000 | I21: =SUM(I22:I24) -> 12600 | J21: =SUM(B21,D21,F21,H21) -> 32950 | K21: =SUM(C21,E21,G21,I21) -> 14373.8 | Q21: =SUM(Q22:Q24) -> 0 | R21: =SUM(R22:R24) -> 0 | S21: =SUM(S22:S24) -> 0 | T21: =SUM(T22:T24) -> 0 | U21: =SUM(U22:U24) -> 0 | V21: =SUM(V22:V24) -> 0 | W21: =SUM(W22:W24) -> 0 | X21: =SUM(X22:X24) -> 0 | ... AN21: =SUM(AN22:AN24) -> 0 | AO21: =SUM(AM21,AK21,AI21,AG21,AE21,AC21,AA21,Y21,W21,U21,S21,Q21) -> 188000 | AP21: =SUM(AN21,AL21,AJ21,AH21,AF21,AD21,AB21,Z21,X21,V21,T21,R21) -> 0
A22: Fee | H22: 30000 | I22: 12600 | J22: =SUM(B22,D22,F22,H22) -> 30000 | K22: =SUM(C22,E22,G22,I22) -> 12600 | AK22: 168000 | AM22: 20000 | AO22: =SUM(AM22,AK22,AI22,AG22,AE22,AC22,AA22,Y22,W22,U22,S22,Q22) -> 188000 | AP22: =SUM(AN22,AL22,AJ22,AH22,AF22,AD22,AB22,Z22,X22,V22,T22,R22) -> 0
A23: Extras | G23: 236
A24: Materiais de comunicação | B24: 450 | C24: 441.5 | E24: 1096.3 | F24: 2500
A26: Branding | B26: =SUM(B27:B28) -> 0 | C26: =SUM(C27:C28) -> 0 | D26: =SUM(D27:D28) -> 304 | E26: =SUM(E27:E28) -> 3722 | F26: =SUM(F27:F28) -> 7200 | G26: =SUM(G27:G28) -> 6822 | H26: =SUM(H27:H28) -> 0 | I26: =SUM(I27:I28) -> 0 | J26: =SUM(B26,D26,F26,H26) -> 7504 | K26: =SUM(C26,E26,G26,I26) -> 10544 | Q26: =SUM(Q27:Q29) -> 0 | R26: =SUM(R27:R29) -> 0 | S26: =SUM(S27:S29) -> 0 | T26: =SUM(T27:T29) -> 0 | U26: =SUM(U27:U29) -> 105950 | V26: =SUM(V27:V29) -> 0 | W26: =SUM(W27:W29) -> 0 | X26: =SUM(X27:X29) -> 0 | ... AN26: =SUM(AN27:AN29) -> 0 | AO26: =SUM(AM26,AK26,AI26,AG26,AE26,AC26,AA26,Y26,W26,U26,S26,Q26) -> 300558 | AP26: =SUM(AN26,AL26,AJ26,AH26,AF26,AD26,AB26,Z26,X26,V26,T26,R26) -> 0
A27: Envoval escritório | E27: 1622 | G27: 3955 | J27: =SUM(B27,D27,F27,H27) -> 0 | K27: =SUM(C27,E27,G27,I27) -> 5577 | Y27: =5800*2 -> 11600 | AC27: =5800*2 -> 11600 | AG27: =5800*2 -> 11600 | AM27: =5800*2 -> 11600 | AO27: =SUM(AM27,AK27,AI27,AG27,AE27,AC27,AA27,Y27,W27,U27,S27,Q27) -> 46400 | AP27: =SUM(AN27,AL27,AJ27,AH27,AF27,AD27,AB27,Z27,X27,V27,T27,R27) -> 0
A28: Materiais Doris | D28: 304 | E28: 2100 | F28: =SUM(60*120) -> 7200 | G28: 2867 | J28: =SUM(B28,D28,F28,H28) -> 7504 | K28: =SUM(C28,E28,G28,I28) -> 4967 | AO28: =SUM(AM28,AK28,AI28,AG28,AE28,AC28,AA28,Y28,W28,U28,S28,Q28) -> 0 | AP28: =SUM(AN28,AL28,AJ28,AH28,AF28,AD28,AB28,Z28,X28,V28,T28,R28) -> 0
A29: Vídeos de marca | U29: 105950 | AC29: 68208 | AK29: 80000 | AO29: =SUM(AM29,AK29,AI29,AG29,AE29,AC29,AA29,Y29,W29,U29,S29,Q29) -> 254158 | AP29: =SUM(AN29,AL29,AJ29,AH29,AF29,AD29,AB29,Z29,X29,V29,T29,R29) -> 0
A31: Terceiros/Software/ Consultoria em MKT | B31: =SUM(B32:B37) -> 6500 | C31: =SUM(C32:C38) -> 6784.9 | D31: =SUM(D32:D38) -> 275 | E31: =SUM(E32:E38) -> 424.62 | F31: =SUM(F32:F38) -> 230.5 | G31: =SUM(G32:G38) -> 378.23 | H31: =SUM(H32:H38) -> 4775.5 | I31: =SUM(I32:I38) -> 185.66 | J31: =SUM(J32:J38) -> 11781 | K31: =SUM(K32:K38) -> 7773.41 | Q31: =SUM(Q32:Q38) -> 52087.37 | R31: =SUM(R32:R38) -> 52087.37 | S31: =SUM(S32:S38) -> 51697.39 | T31: =SUM(T32:T38) -> 51697.39 | U31: =SUM(U32:U38) -> 51992.32 | V31: =SUM(V32:V38) -> 327.6 | W31: =SUM(W32:W38) -> 62365.653 | X31: =SUM(X32:X38) -> 0 | ... AN31: =SUM(AN32:AN38) -> 0 | AO31: =SUM(AM31,AK31,AI31,AG31,AE31,AC31,AA31,Y31,W31,U31,S31,Q31) -> 472732.12 | AP31: =SUM(AN31,AL31,AJ31,AH31,AF31,AD31,AB31,Z31,X31,V31,T31,R31) -> 104112.36
A32: Freela Designer / site | B32: 300 | C32: 300 | J32: =SUM(B32,D32,F32,H32) -> 300 | K32: =SUM(C32,E32,G32,I32) -> 300 | Y32: 6000 | AE32: 6000 | AI32: 6000 | AO32: =SUM(AM32,AK32,AI32,AG32,AE32,AC32,AA32,Y32,W32,U32,S32,Q32) -> 18000 | AP32: =SUM(AN32,AL32,AJ32,AH32,AF32,AD32,AB32,Z32,X32,V32,T32,R32) -> 0
A33: Tráfego pago | B33: 6000 | C33: 6000 | J33: =SUM(B33,D33,F33,H33) -> 6000 | K33: =SUM(C33,E33,G33,I33) -> 6000 | AO33: =SUM(AM33,AK33,AI33,AG33,AE33,AC33,AA33,Y33,W33,U33,S33,Q33) -> 0 | AP33: =SUM(AN33,AL33,AJ33,AH33,AF33,AD33,AB33,Z33,X33,V33,T33,R33) -> 0
A34: Email | D34: 175 | F34: 130.5 | H34: 175.5 | I34: =46.88+8.28+130.5 -> 185.66 | J34: =SUM(B34,D34,F34,H34) -> 481 | K34: =SUM(C34,E34,G34,I34) -> 185.66 | Q34: =R34 -> 791.59 | R34: 791.59 | S34: =T34 -> 524.99 | T34: 524.99 | U34: =310.5+181.82 -> 492.32 | W34: =310.5+181.82 -> 492.32 | Y34: 200 | AA34: 200 | AC34: 200 | AE34: 200 | AG34: 200 | AI34: 200 | AK34: 200 | AM34: 200 | AO34: =SUM(AM34,AK34,AI34,AG34,AE34,AC34,AA34,Y34,W34,U34,S34,Q34) -> 3901.22 | AP34: =SUM(AN34,AL34,AJ34,AH34,AF34,AD34,AB34,Z34,X34,V34,T34,R34) -> 1316.58
A35: WPP | H35: 0 | J35: =SUM(B35,D35,F35,H35) -> 0 | K35: =SUM(C35,E35,G35,I35) -> 0 | R35: 0 | V35: =U36-T36 -> 327.6 | W35: 3873.3333 | Y35: 4765.6 | AA35: 5772.7 | AC35: 6814.72 | AE35: 8103.6 | AG35: 10712.133 | AI35: 13624.6 | AK35: 15806.031 | AM35: 18390 | AO35: =SUM(AM35,AK35,AI35,AG35,AE35,AC35,AA35,Y35,W35,U35,S35,Q35) -> 87862.717 | AP35: =SUM(AN35,AL35,AJ35,AH35,AF35,AD35,AB35,Z35,X35,V35,T35,R35) -> 327.6
A36: APPs e mensalidades | B36: 200 | C36: 484.9 | D36: 100 | E36: 424.62 | F36: 100 | G36: 378.23 | H36: 100 | J36: =SUM(B36,D36,F36,H36) -> 500 | K36: =SUM(C36,E36,G36,I36) -> 1287.75 | Q36: =R36 -> 1295.78 | R36: 1295.78 | S36: =T36 -> 1172.4 | T36: 1172.4 | U36: 1500 | W36: 1500 | Y36: 1500 | AA36: 1500 | AC36: 1500 | AE36: 1500 | AG36: 1500 | AI36: 1500 | AK36: 1500 | AM36: 1500 | AO36: =SUM(AM36,AK36,AI36,AG36,AE36,AC36,AA36,Y36,W36,U36,S36,Q36) -> 17468.18 | AP36: =SUM(AN36,AL36,AJ36,AH36,AF36,AD36,AB36,Z36,X36,V36,T36,R36) -> 2468.18
A37: PR | H37: 4500 | J37: =SUM(B37,D37,F37,H37) -> 4500 | K37: =SUM(C37,E37,G37,I37) -> 0 | W37: 6500 | Y37: 6500 | AA37: 6500 | AC37: 6500 | AE37: 6500 | AG37: 6500 | AI37: 6500 | AO37: =SUM(AM37,AK37,AI37,AG37,AE37,AC37,AA37,Y37,W37,U37,S37,Q37) -> 45500 | AP37: =SUM(AN37,AL37,AJ37,AH37,AF37,AD37,AB37,Z37,X37,V37,T37,R37) -> 0
A38: Agência MKT | Q38: 50000 | R38: 50000 | S38: 50000 | T38: 50000 | U38: 50000 | W38: 50000 | Y38: 50000 | AA38: 50000 | AO38: =SUM(AM38,AK38,AI38,AG38,AE38,AC38,AA38,Y38,W38,U38,S38,Q38) -> 300000 | AP38: =SUM(AN38,AL38,AJ38,AH38,AF38,AD38,AB38,Z38,X38,V38,T38,R38) -> 100000
A40: Diretoria | B40: =SUM(B41:B41) -> 2000 | C40: =SUM(C41:C41) -> 1086.38 | D40: =SUM(D41:D41) -> 0 | E40: =SUM(E41:E41) -> 5595.2 | F40: =SUM(F41:F41) -> 0 | G40: =SUM(G41:G41) -> 0 | H40: =SUM(H41:H41) -> 0 | I40: =SUM(I41:I41) -> 0 | J40: =SUM(B40,D40,F40,H40) -> 2000 | K40: =SUM(C40,E40,G40,I40) -> 6681.58 | Q40: =SUM(Q41:Q41) -> 0 | R40: =SUM(R41:R41) -> 0 | S40: =SUM(S41:S41) -> 0 | T40: =SUM(T41:T41) -> 0 | U40: =SUM(U41:U41) -> 0 | V40: =SUM(V41:V41) -> 0 | W40: =SUM(W41:W41) -> 0 | X40: =SUM(X41:X41) -> 0 | ... AN40: =SUM(AN41:AN41) -> 0 | AO40: =SUM(AM40,AK40,AI40,AG40,AE40,AC40,AA40,Y40,W40,U40,S40,Q40) -> 10000 | AP40: =SUM(AN40,AL40,AJ40,AH40,AF40,AD40,AB40,Z40,X40,V40,T40,R40) -> 0
A41: Reembolsos Louise | B41: 2000 | C41: 1086.38 | E41: 5595.2 | J41: =SUM(B41,D41,F41,H41) -> 2000 | K41: =SUM(C41,E41,G41,I41) -> 6681.58 | Y41: 2500 | AC41: 2500 | AG41: 2500 | AK41: 2500
Q42: 69520 | R42: 69520 | S42: 69520 | T42: 69520 | U42: 69520 | W42: 69520 | Y42: 69520 | AA42: 69520 | AC42: 69520 | AE42: 69520 | AG42: 69520 | AI42: 69520 | AK42: 139040 | AM42: 69520 | AO42: =SUM(AM42,AK42,AI42,AG42,AE42,AC42,AA42,Y42,W42,U42,S42,Q42) -> 903760 | AP42: =SUM(AN42,AL42,AJ42,AH42,AF42,AD42,AB42,Z42,X42,V42,T42,R42) -> 139040
Q48: =Q3+Q42 -> 202669 | R48: =R3+R42 -> 228126.25 | AA48: =AA3+AA42 -> 546434.7 | AB48: =AB3+AB42 -> 0 | AC48: =AC3+AC42 -> 1251616.7 | AD48: =AD3+AD42 -> 0 | AE48: =AE3+AE42 -> 1253864.6 | AF48: =AF3+AF42 -> 0 | AG48: =AG3+AG42 -> 1254293.1 | AH48: =AH3+AH42 -> 0 | ... AN48: =AN3+AN42 -> 0 | AO48: =SUM(AM48,AK48,AI48,AG48,AE48,AC48,AA48,Y48,W48,U48,S48,Q48) -> 12020628 | AP48: =AP3+AP42 -> 420262.15
AO49: =AP1-AO48 -> 604449.22

Sheet Overview
B1: 45925 | D1: 45955 | F1: 45986 | H1: 46016 | J1: 2025 | M1: Teto 2025 | N1: Disponível | O1: 5.3 | Q1: 46048 | S1: 46079 | U1: 46107 | W1: 46138 | Y1: 46168 | AA1: 46199 | AC1: 46229 | AE1: 46260 | AG1: 46291 | AI1: 46321 | AK1: 45987 | AM1: 46017 | AO1: 2026 | AP1: 12625077 | AQ1: =AP1-AO3 -> 13903.283
B2: Plan | C2: Real | D2: Plan | E2: Real | F2: Plan | G2: Real | H2: Plan | I2: Real | J2: Plan | K2: Real | Q2: Plan | R2: Real | S2: Plan | T2: Real | U2: Plan | V2: Real | W2: Plan | X2: Real | Y2: Plan | Z2: Real | AA2: Plan | AB2: Real | AC2: Plan | AD2: Real | AE2: Plan | AF2: Real | AG2: Plan | AH2: Real | AI2: Plan | AJ2: Real | AK2: Plan | AL2: Real | AM2: Plan | AN2: Real | AO2: Plan | AP2: Real
B3: =SUM(B5,B12,B17,B21,B31,B40,B26) -> 19150 | C3: =SUM(C5,C12,C17,C21,C31,C40,C26) -> 15798.17 | D3: =SUM(D5,D12,D17,D21,D31,D40,D26) -> 6079 | E3: =SUM(E5,E12,E17,E21,E31,E40,E26) -> 44040.46 | F3: =SUM(F5,F12,F17,F21,F31,F40,F26) -> 60030.5 | G3: =SUM(G5,G12,G17,G21,G31,G40,G26) -> 17565.05 | H3: =SUM(H5,H12,H17,H21,H31,H40,H26) -> 153275.5 | I3: =SUM(I5,I12,I17,I21,I31,I40,I26) -> 12785.66 | J3: =SUM(B3,D3,F3,H3) -> 238535 | K3: =SUM(C3,E3,G3,I3) -> 90189.34 | M3: 322800 | N3: =M3-J3 -> 84265 | Q3: =SUM(Q5,Q12,Q17,Q21,Q31,Q40,Q26,Q42) -> 149520 | R3: =SUM(R5,R12,R17,R21,R31,R40,R26,R42) -> 158606.25 | S3: =SUM(S5,S12,S17,S21,S31,S40,S26,S42) -> 121777 | T3: =SUM(T5,T12,T17,T21,T31,T40,T26,T42) -> 122288.3 | U3: =SUM(U5,U12,U17,U21,U31,U40,U26,U42) -> 321007 | V3: =SUM(V5,V12,V17,V21,V31,V40,V26,V42) -> 0 | W3: =SUM(W5,W12,W17,W21,W31,W40,W26,W42) -> 419449.33 | X3: =SUM(X5,X12,X17,X21,X31,X40,X26,X42) -> 0 | ... AP3: =SUM(AP5,AP12,AP17,AP21,AP31,AP40,AP26,AP42) -> 280894.55
U4: =U3+69000 -> 390007 | W4: =W3+69000 -> 488449.33 | Y4: =Y3+69000 -> 990834.6 | AA4: =AA3+69000 -> 888764.7 | AC4: =AC3+69000 -> 1126138.7 | AE4: =AE3+69000 -> 1294444.6 | AG4: =AG3+69000 -> 1512773.1 | AI4: =AI3+69000 -> 1763946.6 | AK4: =AK3+69000 -> 2126167 | AM4: =AM3+69000 -> 2448351
A5: Mídia paga | B5: =SUM(B6:B9) -> 10000 | C5: =SUM(C6:C9) -> 7485.39 | D5: =SUM(D6:D9) -> 4500 | E5: =SUM(E6:E9) -> 2645.78 | F5: =SUM(F6:F9) -> 17500 | G5: =SUM(G6:G9) -> 4328.82 | H5: =SUM(H6:H9) -> 10000 | I5: =SUM(I6:I9) -> 0 | J5: =SUM(B5,D5,F5,H5) -> 42000 | K5: =SUM(C5,E5,G5,I5) -> 14459.99 | Q5: =SUM(Q6:Q10) -> 7000 | R5: =SUM(R6:R10) -> 16198.88 | S5: =SUM(S6:S10) -> 1807 | T5: =SUM(T6:T10) -> 1070.91 | U5: =SUM(U6:U10) -> 14987 | V5: =SUM(V6:V10) -> 0 | W5: =SUM(W6:W10) -> 162756 | X5: =SUM(X6:X10) -> 0 | ... AN5: =SUM(AN6:AN10) -> 0 | AO5: =SUM(AM5,AK5,AI5,AG5,AE5,AC5,AA5,Y5,W5,U5,S5,Q5) -> 7168401 | AP5: =SUM(AN5,AL5,AJ5,AH5,AF5,AD5,AB5,Z5,X5,V5,T5,R5) -> 17269.79
A6: Google | B6: 3000 | C6: 614.05 | E6: 1846 | F6: 3000 | H6: 0 | J6: =SUM(B6,D6,F6,H6) -> 6000 | K6: =SUM(C6,E6,G6,I6) -> 2460.05 | Q6: 0 | S6: 0 | U6: 3723 | W6: 40431 | Y6: 49745 | AA6: 80343 | AC6: 118557 | AE6: 169176 | AG6: 223634 | AI6: 284437 | AK6: 357476 | AM6: 451034 | AO6: =SUM(AM6,AK6,AI6,AG6,AE6,AC6,AA6,Y6,W6,U6,S6,Q6) -> 1778556 | AP6: =SUM(AN6,AL6,AJ6,AH6,AF6,AD6,AB6,Z6,X6,V6,T6,R6) -> 0
A7: Meta | B7: 2000 | C7: 2000.84 | D7: 3000 | E7: 477.84 | F7: 10000 | G7: 4328.82 | H7: 10000 | I7: 5272,38 | J7: =SUM(B7,D7,F7,H7) -> 25000 | K7: =SUM(C7,E7,G7,I7) -> 6807.5 | Q7: 7000 | R7: =16198.88 -> 16198.88 | S7: 1807 | T7: 1070.91 | U7: 9032 | W7: 98086 | Y7: 120681 | AA7: 194912 | AC7: 287619 | AE7: 410420 | AG7: 542533 | AI7: 690040 | AK7: 867232 | AM7: 1094203 | AO7: =SUM(AM7,AK7,AI7,AG7,AE7,AC7,AA7,Y7,W7,U7,S7,Q7) -> 4323565 | AP7: =SUM(AN7,AL7,AJ7,AH7,AF7,AD7,AB7,Z7,X7,V7,T7,R7) -> 17269.79
A8: Linkedin | B8: 5000 | C8: 4870.5 | E8: 321.94 | F8: 1500 | H8: 0 | J8: =SUM(B8,D8,F8,H8) -> 6500 | K8: =SUM(C8,E8,G8,I8) -> 5192.44 | Q8: 0 | S8: 0 | U8: 15 | W8: 163 | Y8: 200 | AA8: 323 | AC8: 477 | AE8: 681 | AG8: 900 | AI8: 1144 | AK8: 1438 | AM8: 1815 | AO8: =SUM(AM8,AK8,AI8,AG8,AE8,AC8,AA8,Y8,W8,U8,S8,Q8) -> 7156 | AP8: =SUM(AN8,AL8,AJ8,AH8,AF8,AD8,AB8,Z8,X8,V8,T8,R8) -> 0
A9: Tik Tok | B9: 0 | D9: 1500 | F9: 3000 | H9: 0 | J9: =SUM(B9,D9,F9,H9) -> 4500 | K9: =SUM(C9,E9,G9,I9) -> 0 | Q9: 0 | S9: 0 | U9: 1348 | W9: 14641 | Y9: 18014 | AA9: 29094 | AC9: 42933 | AE9: 61263 | AG9: 80984 | AI9: 103002 | AK9: 129451 | AM9: 163331 | AO9: =SUM(AM9,AK9,AI9,AG9,AE9,AC9,AA9,Y9,W9,U9,S9,Q9) -> 644061 | AP9: =SUM(AN9,AL9,AJ9,AH9,AF9,AD9,AB9,Z9,X9,V9,T9,R9) -> 0
A10: App Store | Q10: 0 | S10: 0 | U10: 869 | W10: 9435 | Y10: 11609 | AA10: 18750 | AC10: 27668 | AE10: 39481 | AG10: 52190 | AI10: 66379 | AK10: 83424 | AM10: 105258 | AO10: =SUM(AM10,AK10,AI10,AG10,AE10,AC10,AA10,Y10,W10,U10,S10,Q10) -> 415063 | AP10: =SUM(AN10,AL10,AJ10,AH10,AF10,AD10,AB10,Z10,X10,V10,T10,R10) -> 0
A12: Influenciadores | B12: =SUM(B13:B15) -> 0 | C12: =SUM(C13:C15) -> 0 | D12: =SUM(D13:D15) -> 0 | E12: =SUM(E13:E15) -> 0 | F12: =SUM(F13:F15) -> 30000 | G12: =SUM(G13:G15) -> 5800 | H12: =SUM(H13:H15) -> 30000 | I12: =SUM(I13:I15) -> 0 | J12: =SUM(B12,D12,F12,H12) -> 60000 | K12: =SUM(C12,E12,G12,I12) -> 5800 | Q12: =SUM(Q13:Q15) -> 20000 | R12: =SUM(R13:R15) -> 19300 | S12: =SUM(S13:S15) -> 0 | T12: =SUM(T13:T15) -> 0 | U12: =SUM(U13:U15) -> 50000 | V12: =SUM(V13:V15) -> 0 | W12: =SUM(W13:W15) -> 110000 | X12: =SUM(X13:X15) -> 0 | ... AP12: =SUM(AP13:AP15) -> 19300
A13: Fee | F13: 30000 | G13: 5800 | H13: 30000 | J13: =SUM(B13,D13,F13,H13) -> 60000 | K13: =SUM(C13,E13,G13,I13) -> 5800 | Q13: 20000 | R13: 19300 | S13: 0 | U13: 50000 | W13: 110000 | Y13: 350000 | AA13: 350000 | AC13: 400000 | AE13: 350000 | AG13: 350000 | AI13: 350000 | AK13: 350000 | AM13: 350000 | AO13: =SUM(AM13,AK13,AI13,AG13,AE13,AC13,AA13,Y13,W13,U13,S13,Q13) -> 3030000 | AP13: =SUM(AN13,AL13,AJ13,AH13,AF13,AD13,AB13,Z13,X13,V13,T13,R13) -> 19300
A14: Comissão | J14: =SUM(B14,D14,F14,H14) -> 0 | K14: =SUM(C14,E14,G14,I14) -> 0
A15: Extras | J15: =SUM(B15,D15,F15,H15) -> 0 | K15: =SUM(C15,E15,G15,I15) -> 0
A17: Social/Produção de mídia | B17: =SUM(B18:B19) -> 200 | C17: =SUM(C18:C19) -> 0 | D17: =SUM(D18:D19) -> 1000 | E17: =SUM(E18:E19) -> 30556.56 | F17: =SUM(F18:F19) -> 2600 | G17: =SUM(G18:G19) -> 0 | H17: =SUM(H18:H19) -> 78500 | I17: =SUM(I18:I19) -> 0 | ... K17: =SUM(K18:K19) -> 618.41 | Q17: =SUM(Q18:Q19) -> 2000 | R17: =SUM(R18:R19) -> 1500 | S17: =SUM(S18:S19) -> 0 | T17: =SUM(T18:T19) -> 0 | U17: =SUM(U18:U19) -> 0 | V17: =SUM(V18:V19) -> 0 | W17: =SUM(W18:W19) -> 3500 | X17: =SUM(X18:X19) -> 0 | ... AN17: =SUM(AN18:AN19) -> 0 | AO17: =SUM(AM17,AK17,AI17,AG17,AE17,AC17,AA17,Y17,W17,U17,S17,Q17) -> 33500 | AP17: =SUM(AN17,AL17,AJ17,AH17,AF17,AD17,AB17,Z17,X17,V17,T17,R17) -> 1500
A18: Produção de vídeo | E18: 29938.15 | F18: 2000 | H18: 78500 | Q18: 1500 | R18: 1500 | W18: 3000 | Y18: 3000 | AA18: 3000 | AC18: 3000 | AE18: 3000 | AG18: 3000 | AI18: 3000 | AK18: 3000 | AM18: 3000 | AO18: =SUM(AM18,AK18,AI18,AG18,AE18,AC18,AA18,Y18,W18,U18,S18,Q18) -> 28500 | AP18: =SUM(AN18,AL18,AJ18,AH18,AF18,AD18,AB18,Z18,X18,V18,T18,R18) -> 1500
A19: Equipamentos/estrutura | B19: 200 | D19: 1000 | E19: 618.41 | F19: 600 | H19: 0 | J19: =SUM(B19,D19,F19,H19) -> 1800 | K19: =SUM(C19,E19,G19,I19) -> 618.41 | Q19: 500 | R19: 0 | W19: 500 | Y19: 500 | AA19: 500 | AC19: 500 | AE19: 500 | AG19: 500 | AI19: 500 | AK19: 500 | AM19: 500 | AO19: =SUM(AM19,AK19,AI19,AG19,AE19,AC19,AA19,Y19,W19,U19,S19,Q19) -> 5000 | AP19: =SUM(AN19,AL19,AJ19,AH19,AF19,AD19,AB19,Z19,X19,V19,T19,R19) -> 0
A21: Eventos/parcerias | B21: =SUM(B22:B24) -> 450 | C21: =SUM(C22:C24) -> 441.5 | D21: =SUM(D22:D24) -> 0 | E21: =SUM(E22:E24) -> 1096.3 | F21: =SUM(F22:F24) -> 2500 | G21: =SUM(G22:G24) -> 236 | H21: =SUM(H22:H24) -> 30000 | I21: =SUM(I22:I24) -> 12600 | J21: =SUM(B21,D21,F21,H21) -> 32950 | K21: =SUM(C21,E21,G21,I21) -> 14373.8 | Q21: =SUM(Q22:Q24) -> 0 | R21: =SUM(R22:R24) -> 0 | S21: =SUM(S22:S24) -> 0 | T21: =SUM(T22:T24) -> 0 | U21: =SUM(U22:U24) -> 0 | V21: =SUM(V22:V24) -> 0 | W21: =SUM(W22:W24) -> 0 | X21: =SUM(X22:X24) -> 0 | ... AN21: =SUM(AN22:AN24) -> 0 | AO21: =SUM(AM21,AK21,AI21,AG21,AE21,AC21,AA21,Y21,W21,U21,S21,Q21) -> 165000 | AP21: =SUM(AN21,AL21,AJ21,AH21,AF21,AD21,AB21,Z21,X21,V21,T21,R21) -> 0
A22: Fee | H22: 30000 | I22: 12600 | J22: =SUM(B22,D22,F22,H22) -> 30000 | K22: =SUM(C22,E22,G22,I22) -> 12600 | Y22: 150000 | AM22: 15000 | AO22: =SUM(AM22,AK22,AI22,AG22,AE22,AC22,AA22,Y22,W22,U22,S22,Q22) -> 165000 | AP22: =SUM(AN22,AL22,AJ22,AH22,AF22,AD22,AB22,Z22,X22,V22,T22,R22) -> 0
A23: Extras | G23: 236
A24: Materiais de comunicação | B24: 450 | C24: 441.5 | E24: 1096.3 | F24: 2500
A26: Branding | B26: =SUM(B27:B28) -> 0 | C26: =SUM(C27:C28) -> 0 | D26: =SUM(D27:D28) -> 304 | E26: =SUM(E27:E28) -> 3722 | F26: =SUM(F27:F28) -> 7200 | G26: =SUM(G27:G28) -> 6822 | H26: =SUM(H27:H28) -> 0 | I26: =SUM(I27:I28) -> 0 | J26: =SUM(B26,D26,F26,H26) -> 7504 | K26: =SUM(C26,E26,G26,I26) -> 10544 | Q26: =SUM(Q27:Q29) -> 0 | R26: =SUM(R27:R29) -> 0 | S26: =SUM(S27:S29) -> 0 | T26: =SUM(T27:T29) -> 0 | U26: =SUM(U27:U29) -> 115000 | V26: =SUM(V27:V29) -> 0 | W26: =SUM(W27:W29) -> 5800 | X26: =SUM(X27:X29) -> 0 | ... AN26: =SUM(AN27:AN29) -> 0 | AO26: =SUM(AM26,AK26,AI26,AG26,AE26,AC26,AA26,Y26,W26,U26,S26,Q26) -> 220600 | AP26: =SUM(AN26,AL26,AJ26,AH26,AF26,AD26,AB26,Z26,X26,V26,T26,R26) -> 0
A27: Envoval escritório | E27: 1622 | G27: 3955 | J27: =SUM(B27,D27,F27,H27) -> 0 | K27: =SUM(C27,E27,G27,I27) -> 5577 | W27: =58000/10 -> 5800 | Y27: =58000/10 -> 5800 | AE27: =58000/10 -> 5800 | AG27: =58000/10 -> 5800 | AI27: =58000/10 -> 5800 | AK27: =58000/10 -> 5800 | AM27: =58000/10 -> 5800 | AO27: =SUM(AM27,AK27,AI27,AG27,AE27,AC27,AA27,Y27,W27,U27,S27,Q27) -> 40600 | AP27: =SUM(AN27,AL27,AJ27,AH27,AF27,AD27,AB27,Z27,X27,V27,T27,R27) -> 0
A28: Materiais Doris | D28: 304 | E28: 2100 | F28: =SUM(60*120) -> 7200 | G28: 2867 | J28: =SUM(B28,D28,F28,H28) -> 7504 | K28: =SUM(C28,E28,G28,I28) -> 4967 | AO28: =SUM(AM28,AK28,AI28,AG28,AE28,AC28,AA28,Y28,W28,U28,S28,Q28) -> 0 | AP28: =SUM(AN28,AL28,AJ28,AH28,AF28,AD28,AB28,Z28,X28,V28,T28,R28) -> 0
A29: Vídeos de marca | U29: 115000 | Y29: 65000 | AO29: =SUM(AM29,AK29,AI29,AG29,AE29,AC29,AA29,Y29,W29,U29,S29,Q29) -> 180000 | AP29: =SUM(AN29,AL29,AJ29,AH29,AF29,AD29,AB29,Z29,X29,V29,T29,R29) -> 0
A31: Terceiros/Software/ Consultoria em MKT | B31: =SUM(B32:B37) -> 6500 | C31: =SUM(C32:C38) -> 6784.9 | D31: =SUM(D32:D38) -> 275 | E31: =SUM(E32:E38) -> 424.62 | F31: =SUM(F32:F38) -> 230.5 | G31: =SUM(G32:G38) -> 378.23 | H31: =SUM(H32:H38) -> 4775.5 | I31: =SUM(I32:I38) -> 185.66 | J31: =SUM(J32:J38) -> 11781 | K31: =SUM(K32:K38) -> 7773.41 | Q31: =SUM(Q32:Q38) -> 51000 | R31: =SUM(R32:R38) -> 52087.37 | S31: =SUM(S32:S38) -> 50450 | T31: =SUM(T32:T38) -> 51697.39 | U31: =SUM(U32:U38) -> 71500 | V31: =SUM(V32:V38) -> 0 | W31: =SUM(W32:W38) -> 67873.333 | X31: =SUM(X32:X38) -> 0 | ... AN31: =SUM(AN32:AN38) -> 0 | AO31: =SUM(AM31,AK31,AI31,AG31,AE31,AC31,AA31,Y31,W31,U31,S31,Q31) -> 1079912.7 | AP31: =SUM(AN31,AL31,AJ31,AH31,AF31,AD31,AB31,Z31,X31,V31,T31,R31) -> 103784.76
A32: Freela Designer / site | B32: 300 | C32: 300 | J32: =SUM(B32,D32,F32,H32) -> 300 | K32: =SUM(C32,E32,G32,I32) -> 300 | U32: 6000 | Y32: 6000 | AE32: 6000 | AI32: 6000 | AO32: =SUM(AM32,AK32,AI32,AG32,AE32,AC32,AA32,Y32,W32,U32,S32,Q32) -> 24000 | AP32: =SUM(AN32,AL32,AJ32,AH32,AF32,AD32,AB32,Z32,X32,V32,T32,R32) -> 0
A33: Tráfego pago | B33: 6000 | C33: 6000 | J33: =SUM(B33,D33,F33,H33) -> 6000 | K33: =SUM(C33,E33,G33,I33) -> 6000 | AO33: =SUM(AM33,AK33,AI33,AG33,AE33,AC33,AA33,Y33,W33,U33,S33,Q33) -> 0 | AP33: =SUM(AN33,AL33,AJ33,AH33,AF33,AD33,AB33,Z33,X33,V33,T33,R33) -> 0
A34: Email | D34: 175 | F34: 130.5 | H34: 175.5 | I34: =46.88+8.28+130.5 -> 185.66 | J34: =SUM(B34,D34,F34,H34) -> 481 | K34: =SUM(C34,E34,G34,I34) -> 185.66 | Q34: 500 | R34: 791.59 | S34: 450 | T34: 524.99 | U34: 2000 | W34: 2500 | Y34: 3000 | AA34: 6050 | AC34: 6050 | AE34: 10000 | AG34: 10000 | AI34: 10000 | AK34: 10000 | AM34: 10000 | AO34: =SUM(AM34,AK34,AI34,AG34,AE34,AC34,AA34,Y34,W34,U34,S34,Q34) -> 70550 | AP34: =SUM(AN34,AL34,AJ34,AH34,AF34,AD34,AB34,Z34,X34,V34,T34,R34) -> 1316.58
A35: WPP | H35: 0 | J35: =SUM(B35,D35,F35,H35) -> 0 | K35: =SUM(C35,E35,G35,I35) -> 0 | Q35: 500 | R35: 0 | U35: 2000 | W35: 3873.3333 | Y35: 4765.6 | AA35: 5772.7 | AC35: 6814.72 | AE35: 8103.6 | AG35: 10712.133 | AI35: 13624.6 | AK35: 15806.031 | AM35: 18390 | AO35: =SUM(AM35,AK35,AI35,AG35,AE35,AC35,AA35,Y35,W35,U35,S35,Q35) -> 90362.717 | AP35: =SUM(AN35,AL35,AJ35,AH35,AF35,AD35,AB35,Z35,X35,V35,T35,R35) -> 0
A36: APPs e mensalidades | B36: 200 | C36: 484.9 | D36: 100 | E36: 424.62 | F36: 100 | G36: 378.23 | H36: 100 | J36: =SUM(B36,D36,F36,H36) -> 500 | K36: =SUM(C36,E36,G36,I36) -> 1287.75 | R36: 1295.78 | T36: 1172.4 | U36: 1500 | W36: 1500 | Y36: 1500 | AA36: 1500 | AC36: 1500 | AE36: 1500 | AG36: 1500 | AI36: 1500 | AK36: 1500 | AM36: 1500 | AO36: =SUM(AM36,AK36,AI36,AG36,AE36,AC36,AA36,Y36,W36,U36,S36,Q36) -> 15000 | AP36: =SUM(AN36,AL36,AJ36,AH36,AF36,AD36,AB36,Z36,X36,V36,T36,R36) -> 2468.18
A37: PR | H37: 4500 | J37: =SUM(B37,D37,F37,H37) -> 4500 | K37: =SUM(C37,E37,G37,I37) -> 0 | U37: 10000 | W37: 10000 | Y37: 10000 | AA37: 10000 | AO37: =SUM(AM37,AK37,AI37,AG37,AE37,AC37,AA37,Y37,W37,U37,S37,Q37) -> 40000 | AP37: =SUM(AN37,AL37,AJ37,AH37,AF37,AD37,AB37,Z37,X37,V37,T37,R37) -> 0
A38: Agência MKT | Q38: 50000 | R38: 50000 | S38: 50000 | T38: 50000 | U38: 50000 | W38: 50000 | Y38: 50000 | AA38: 50000 | AC38: 90000 | AE38: 90000 | AG38: 90000 | AI38: 90000 | AK38: 90000 | AM38: 90000 | AO38: =SUM(AM38,AK38,AI38,AG38,AE38,AC38,AA38,Y38,W38,U38,S38,Q38) -> 840000 | AP38: =SUM(AN38,AL38,AJ38,AH38,AF38,AD38,AB38,Z38,X38,V38,T38,R38) -> 100000
A40: Diretoria | B40: =SUM(B41:B41) -> 2000 | C40: =SUM(C41:C41) -> 1086.38 | D40: =SUM(D41:D41) -> 0 | E40: =SUM(E41:E41) -> 5595.2 | F40: =SUM(F41:F41) -> 0 | G40: =SUM(G41:G41) -> 0 | H40: =SUM(H41:H41) -> 0 | I40: =SUM(I41:I41) -> 0 | J40: =SUM(B40,D40,F40,H40) -> 2000 | K40: =SUM(C40,E40,G40,I40) -> 6681.58 | Q40: =SUM(Q41:Q41) -> 0 | R40: =SUM(R41:R41) -> 0 | S40: =SUM(S41:S41) -> 0 | T40: =SUM(T41:T41) -> 0 | U40: =SUM(U41:U41) -> 0 | V40: =SUM(V41:V41) -> 0 | W40: =SUM(W41:W41) -> 0 | X40: =SUM(X41:X41) -> 0 | ... AN40: =SUM(AN41:AN41) -> 0 | AO40: =SUM(AM40,AK40,AI40,AG40,AE40,AC40,AA40,Y40,W40,U40,S40,Q40) -> 10000 | AP40: =SUM(AN40,AL40,AJ40,AH40,AF40,AD40,AB40,Z40,X40,V40,T40,R40) -> 0
A41: Reembolsos Louise | B41: 2000 | C41: 1086.38 | E41: 5595.2 | J41: =SUM(B41,D41,F41,H41) -> 2000 | K41: =SUM(C41,E41,G41,I41) -> 6681.58 | Y41: 2500 | AC41: 2500 | AG41: 2500 | AK41: 2500
Q42: 69520 | R42: 69520 | S42: 69520 | T42: 69520 | U42: 69520 | W42: 69520 | Y42: 69520 | AA42: 69520 | AC42: 69520 | AE42: 69520 | AG42: 69520 | AI42: 69520 | AK42: 139040 | AM42: 69520 | AO42: =SUM(AM42,AK42,AI42,AG42,AE42,AC42,AA42,Y42,W42,U42,S42,Q42) -> 903760 | AP42: =SUM(AN42,AL42,AJ42,AH42,AF42,AD42,AB42,Z42,X42,V42,T42,R42) -> 139040
U44: 133149 | W44: 476856 | Y44: 586856 | AA44: 476856 | AC44: 1182171 | AE44: 1184601 | AG44: 1184601 | AI44: 2388056 | AK44: 2457576 | AM44: 2388056 | AO44: =SUM(AM44,AK44,AI44,AG44,AE44,AC44,AA44,Y44,W44,U44,S44,Q44) -> 12458778 | AP44: =SUM(AN44,AL44,AJ44,AH44,AF44,AD44,AB44,Z44,X44,V44,T44,R44) -> 0 | AQ44: =AP1-AO44 -> 166299
Q48: =Q3+Q42 -> 219040 | R48: =R3+R42 -> 228126.25 | AA48: =AA3+AA42 -> 889284.7 | AB48: =AB3+AB42 -> 0 | AC48: =AC3+AC42 -> 1126658.7 | AD48: =AD3+AD42 -> 0 | AE48: =AE3+AE42 -> 1294964.6 | AF48: =AF3+AF42 -> 0 | AG48: =AG3+AG42 -> 1513293.1 | AH48: =AH3+AH42 -> 0 | ... AN48: =AN3+AN42 -> 0 | AO48: =SUM(AM48,AK48,AI48,AG48,AE48,AC48,AA48,Y48,W48,U48,S48,Q48) -> 11452786 | AP48: =AP3+AP42 -> 419934.55
AO49: =AP1-AO48 -> 1172291.2

Sheet Sep.25
A1: Date | B1: Suplier | C1: Description | D1: Price | E1: Category | F1: Details | G1: Reference | H1: NF recieved | I1: NF sent | J1: NF number
A2: 45901 | B2: Carolina Seguchi | C2: Freela design para social | D2: 300 | E2: Terceiros | F2: Freela Designer | G2: 45901 | H2: 45923 | I2: 45924 | J2: 20
A3: 45903 | B3: Capcut | C3: Mensalidade Capcut | D3: 65.9 | E3: Outros | F3: APPs e mensalidades | G3: 45901 | K3: Julio | M3: Category | N3: Details | O3: Soma de Price
A4: 45901 | B4: Linkedin | C4: Mídia paga | D4: 230.43 | E4: Mídia Paga | F4: Linkedin | G4: 45901 | K4: Julio | M4: Eventos/parcerias | N4: Materiais de comunicação | O4: 441.5
A5: 45913 | B5: Linkedin | C5: Mídia paga | D5: 882.43 | E5: Mídia Paga | F5: Linkedin | G5: 45901 | K5: Julio | M5: Eventos/parcerias Total | O5: 441.5
A6: 45901 | B6: Google Ads | C6: Mídia paga | D6: 614.05 | E6: Mídia Paga | F6: Google | G6: 45901 | K6: Julio | M6: Mídia Paga | N6: Google | O6: 614.05
A7: 45916 | B7: Linkedin | C7: Mídia paga | D7: 676.25 | E7: Mídia Paga | F7: Linkedin | G7: 45901 | H7: 45916 | I7: 45916 | J7: Clara | N7: Linkedin | O7: 4870.5
A8: 45919 | B8: Linkedin | C8: Mídia paga | D8: 812.79 | E8: Mídia Paga | F8: Linkedin | G8: 45901 | H8: 45919 | I8: 45919 | J8: Clara | N8: Meta | O8: 2000.84
A9: 45923 | B9: Linkedin | C9: Mídia paga | D9: 724.83 | E9: Mídia Paga | F9: Linkedin | G9: 45901 | H9: 45923 | I9: 45923 | J9: Clara | M9: Mídia Paga Total | O9: 7485.39
A10: 45924 | B10: Meta | C10: Mídia paga | D10: 1000.39 | E10: Mídia Paga | F10: Meta | G10: 45901 | H10: 45924 | I10: 45924 | J10: Clara | M10: Outros | N10: APPs e mensalidades | O10: 484.9
N11: Reembolsos Louise | O11: 1086.38
A12: 45924 | B12: American Airlines | C12: Assentos - viagem LAS | D12: 1086.38 | E12: Outros | F12: Reembolsos Louise | G12: 45901 | H12: 45925 | I12: 45925 | J12: Clara | N12: WPP | O12: 6.09
A13: 45926 | B13: Cordão Celular | C13: Cordão para celular | D13: 441.5 | E13: Eventos/parcerias | F13: Materiais de comunicação | G13: 45901 | H13: 45929 | I13: 45929 | J13: Clara | M13: Outros Total | O13: 1577.37
A14: 45929 | B14: Linkedin | C14: Mídia paga | D14: 849.27 | E14: Mídia Paga | F14: Linkedin | G14: 45901 | H14: 45929 | I14: 45929 | J14: Clara | M14: Terceiros | N14: Freela Designer | O14: 300
A15: 45929 | B15: Linkedin | C15: Mídia paga | D15: 694.5 | E15: Mídia Paga | F15: Linkedin | G15: 45901 | H15: 45929 | I15: 45929 | J15: Clara | N15: Tráfego pago | O15: 6000
A16: 45930 | B16: Meta | C16: Mídia paga | D16: 1000.45 | E16: Mídia paga | F16: Meta | G16: 45901 | H16: 45930 | I16: 45930 | J16: Clara | M16: Terceiros Total | O16: 6300
A17: 45930 | B17: Rotato | C17: Anuidade Editor Mockup iphone | D17: 419 | E17: Outros | F17: APPs e mensalidades | G17: 45901 | H17: 45930 | I17: 45930 | J17: Clara | M17: (vazio) | N17: (vazio)
B18: Marcelo | C18: Tráfego pago | D18: 6000 | E18: Terceiros | F18: Tráfego pago | G18: 45901 | M18: (vazio) Total
A19: 45901 | B19: Meta | C19: Mensagem de autenticação do APP | D19: 6.09 | E19: Outros | F19: WPP | G19: 45901 | J19: Marcos | M19: Total Geral | O19: 15804.26
M23: NF META | N23: 2077.97

Sheet Oct.25
A1: Date | B1: Suplier | C1: Description | D1: Price | E1: Category | F1: Details | G1: Reference | H1: NF recieved | I1: NF sent | J1: NF number
A2: 45931 | B2: Zara | C2: Camisetas eventos | D2: 507.5 | E2: Eventos/parcerias | F2: Materiais de comunicação | G2: 45931 | H2: 45931 | I2: 45932 | J2: Clara
A3: 45931 | B3: HM | C3: Camisetas eventos | D3: 259.8 | E3: Eventos/parcerias | F3: Materiais de comunicação | G3: 45931 | H3: 45931 | I3: 45932 | J3: Clara | N3: Category | O3: Details | P3: Soma de Price
A4: 45931 | B4: Google Ads | C4: Mídia paga | D4: 1846.5 | E4: Mídia Paga | F4: Google | G4: 45931 | H4: 45931 | I4: 45931 | J4: Clara | N4: Branding | O4: Envoval escritório | P4: 1622
A5: 45931 | B5: Linkedin | C5: Mídia paga | D5: 321.94 | E5: Mídia Paga | F5: Linkedin | G5: 45931 | H5: 45932 | I5: 45932 | J5: Clara | O5: Materiais Doris | P5: 2010.5
A6: 45932 | B6: Marcerie Comercio de bordados | C6: Programação logo estamparia camisas eventos | D6: 180 | E6: Eventos/parcerias | F6: Materiais de comunicação | G6: 45931 | H6: 45932 | I6: 45932 | J6: Clara | N6: Branding Total | P6: 3632.5
A7: 45936 | B7: EC Bordados | C7: Bordados camisetas eventos | D7: 475 | E7: Branding | F7: Materiais Doris | G7: 45931 | H7: 45936 | I7: 45936 | J7: Clara | N7: Eventos/parcerias | O7: Materiais de comunicação | P7: 1096.3
A8: 45939 | B8: Acrílico QR CODE | C8: Acrílico para Wait List - QR Code | D8: 149 | E8: Eventos/parcerias | F8: Materiais de comunicação | G8: 45939 | H8: 45939 | I8: 45939 | J8: Clara | N8: Eventos/parcerias Total | P8: 1096.3
A9: 45939 | B9: Cordinha Celular | C9: Cordinha para pendurar | D9: 441.5 | E9: Branding | F9: Materiais Doris | G9: 45939 | H9: 45939 | I9: 45939 | J9: Clara | N9: Mídia Paga | O9: Google | P9: 1846.5
A10: 45939 | B10: Bottons | C10: Bottons para prender | D10: 790 | E10: Branding | F10: Materiais Doris | G10: 45939 | H10: 45939 | I10: 45939 | J10: 1678 | O10: Linkedin | P10: 321.94
O11: Meta | P11: 112.53
A12: 45951 | B12: Uma gráfica | C12: Cartões de visita | D12: 434 | E12: Branding | F12: Envoval escritório | G12: 45951 | H12: 20/10/2025 | I12: 21/10/2025 | J12: Clara | N12: Mídia Paga Total | P12: 2280.97
A13: 45953 | B13: Noovid | C13: Vídeo UGC - Plataforma Noovid | D13: 186.15 | E13: Outros | F13: APPs e mensalidades | G13: 45951 | H13: 23/10/2025 | I13: 23/10/2025 | J13: Clara | N13: Outros | O13: APPs e mensalidades | P13: 424.62
A14: 45958 | B14: Open Magic | C14: Plataforma de vídeos via AI | D14: 162.66 | E14: Outros | F14: APPs e mensalidades | G14: 45951 | H14: 45958 | I14: 45958 | J14: Clara | O14: Reembolsos Louise | P14: 5595.2
A15: 45952 | B15: Jara serviços gráficos | C15: Cartões de visita | D15: 1188 | E15: Branding | F15: Envoval escritório | G15: 45960 | H15: 45952 | I15: 45952 | J15: Clara | N15: Outros Total | P15: 6019.82
A16: 45960 | B16: Adesivos | C16: Adesivos para garrafas | D16: 304 | E16: Branding | F16: Materiais Doris | G16: 45960 | H16: 45967 | I16: 45967 | J16: Clara | N16: Social/Produção de conteúdo | O16: Equipamentos | P16: 618.41
A17: 45941 | B17: Best Buy | C17: Lapela | D17: 618.41 | E17: Social/Produção de conteúdo | F17: Equipamentos | G17: 45960 | H17: 45941 | I17: 45941 | J17: Clara | O17: Produção de vídeo | P17: 31900
A18: 45931 | B18: Capcut | C18: Mensalidade Capcut | D18: 65.9 | E18: Outros | F18: APPs e mensalidades | G18: 45960 | J18: Clara | N18: Social/Produção de conteúdo Total | P18: 32518.41
A19: 45931 | B19: Meta | C19: Mensagem de autenticação do APP | D19: 9.91 | E19: Outros | F19: APPs e mensalidades | G19: 45960 | J19: Marcos | N19: (vazio) | O19: (vazio)
B20: Diversos | C20: Despesas viagem Vegas - Louise | D20: =5274.2+321 -> 5595.2 | E20: Outros | F20: Reembolsos Louise | G20: 45960 | J20: Clara | N20: (vazio) Total
A21: 46001 | B21: Magenta Agência | C21: Vídeo Doris - FII | D21: 31900 | E21: Social/Produção de conteúdo | F21: Produção de vídeo | G21: 45960 | J21: Marcos | K21: PC 00/008366 | L21: Enviado diretamente para o Marcos | N21: Total Geral | P21: 45548
A22: 45943 | B22: Meta | C22: Mídia paga | D22: 112.53 | E22: Mídia Paga | F22: Meta | G22: 45939
M25: NF META | N25: 477.92

Sheet Nov.25
A1: Date | B1: Suplier | C1: Description | D1: Price | E1: Category | F1: Details | G1: Reference | H1: NF recieved | I1: NF sent | J1: NF number
A2: 45967 | B2: Stickeria Santista | C2: Adesivos da Doris | D2: 304,00 | E2: Branding | F2: Envoval escritório | G2: 45986 | H2: 45964 | I2: 45964 | J2: 99
A3: 45972 | B3: Audacce Brindes | C3: Garrafas de água personalizadas | D3: 3710 | E3: Branding | F3: Envoval escritório | G3: 45986 | H3: 45972 | I3: 45972 | J3: 205
A4: 45971 | B4: Uma Gráfica | C4: Cartões de visita empastados | D4: 2100 | E4: Branding | F4: Envoval escritório | G4: 45986 | H4: 45971 | I4: 45971
A5: 45972 | B5: Zoho | C5: Zoho Mkt Automation | D5: 85.5 | E5: Outros | F5: APPs e mensalidades | G5: 45986 | H5: 45972 | I5: 45973 | J5: Clara
A6: 45972 | B6: Zoho | C6: Zoho Flow | D6: 181.83 | E6: Outros | F6: APPs e mensalidades | G6: 45986 | H6: 45972 | I6: 45973 | J6: Clara
A7: 45980 | B7: Mariana Aragão Influenciadora | C7: Influenciadora da Doris | D7: 2000 | E7: Influenciadores | F7: Fee | G7: 45986 | H7: 45980 | I7: 45980
A8: 45987 | B8: Fernanda Caldeira Influenciadora | C8: Influenciadora da Doris | D8: 3800 | E8: Influenciadores | F8: Fee | G8: 45986 | H8: 45987 | I8: 45987
A9: 45979 | B9: Licores Bakko | C9: 4 garrafas de licor para festa de fim de ano | D9: 236 | E9: Eventos/parcerias | F9: Extras | G9: 45986 | H9: 45979 | I9: 45979
A10: 45988 | B10: Admire Personalizados | C10: Bonés | D10: 2867 | E10: Branding | F10: Materiais Doris | G10: 45986 | H10: 45996 | I10: 45996 | J10: 5729 | K10: PC 00/008425 | L10: Pedro pagou 800.00
A11: 45962 | B11: Capcut | C11: Mensalidade Capcut | D11: 65.9 | E11: Outros | F11: APPs e mensalidades | G11: 45986 | J11: Clara
B12: Vimeo | C12: App hospedagem vídeos pagos | D12: 976.21 | E12: Outros | F12: APPs e mensalidades | G12: 45986 | J12: Clara
A13: 45974 | B13: Meta | C13: Mensagem de autenticação do APP | D13: 67.23 | E13: WPP | F13: WPP | G13: 45986 | I13: 45993 | J13: 124440130
A14: 45973 | B14: Meta | C14: Mídia paga | D14: 1001.29 | E14: Mídia paga | F14: Meta | G14: 45986 | H14: 45973 | I14: 45993 | J14: 124440130
A15: 45979 | B15: Meta | C15: Mídia paga | D15: 1000.51 | E15: Mídia paga | F15: Meta | G15: 45986 | H15: 45979 | I15: 45993 | J15: 124440130
A16: 45966 | B16: Meta | C16: Mídia paga | D16: 1000.18 | E16: Mídia paga | F16: Meta | G16: 45986 | H16: 45966 | I16: 45993 | J16: 124440130
A17: 45985 | B17: Meta | C17: Mídia paga | D17: 1000.15 | E17: Mídia paga | F17: Meta | G17: 45986 | H17: 45985 | I17: 45993 | J17: 124440130
M19: NF META
N32: Category | O32: Details | P32: Soma de Price
N33: Branding | O33: Envoval escritório | P33: 5810
O34: Materiais Doris | P34: 2867
N35: Branding Total | P35: 8677
N36: Eventos/parcerias | O36: Extras | P36: 236
N37: Eventos/parcerias Total | P37: 236
N38: Influenciadores | O38: Fee | P38: 5800
N39: Influenciadores Total | P39: 5800
N40: Mídia paga | O40: Meta | P40: 4002.13
N41: Mídia paga Total | P41: 4002.13
N42: Outros | O42: APPs e mensalidades | P42: 1309.44
N43: Outros Total | P43: 1309.44
N44: (vazio) | O44: (vazio)
N45: (vazio) Total
N46: WPP | O46: WPP | P46: 67.23
N47: WPP Total | P47: 67.23
N48: Total Geral | P48: 20091.8

Sheet Dez.25 
A1: Date | B1: Suplier | C1: Description | D1: Price | E1: Category | F1: Details | G1: Reference | H1: NF recieved | I1: NF sent | J1: NF number | K1: PC
B2: Zoho | C2: Zoho Mkt Automation | D2: 130.5 | E2: Outros | F2: APPs e mensalidades | G2: 46016 | J2: Clara | K2: PC 00/008493
A3: 45973 | B3: Zoho | C3: Zoho Flow | D3: 181.83 | E3: Outros | F3: APPs e mensalidades | G3: 46016 | J3: Clara | K3: PC 00/008493
A4: 45984 | B4: Zoho | C4: Zoho Mkt Automation | D4: 8.28 | E4: Outros | F4: APPs e mensalidades | G4: 46016 | J4: Clara | K4: PC 00/008495
A5: 45984 | B5: Zoho | C5: Zoho Mkt Automation | D5: 46.88 | E5: Outros | F5: APPs e mensalidades | G5: 46016 | J5: Clara | K5: PC 00/008495
B6: Jehn | C6: Produtor de Conteúdo | D6: 1500 | E6: Social/Produção de conteúdo | F6: Produção de vídeo | G6: 46016 | J6: 18 | K6: PC 00/008363
A7: 45993 | B7: Magenta | C7: Vídeos fguncionalidades | D7: 87000 | E7: Social/Produção de conteúdo | F7: Produção de vídeo | G7: 46016 | H7: 46007 | I7: 46007 | J7: 424 | K7: PC 00/008414
A8: 45999 | B8: Halyson | C8: Fotógrafo Confra | D8: 800 | E8: Eventos/parcerias | G8: 46016 | J8: 19 | K8: PC 00/008369
A9: 46001 | B9: Mariana Aragão Consultoria | C9: Influenciadora da Doris | D9: 2000 | E9: Influenciadores | F9: Materiais de comunicação | G9: 46016 | J9: 514
A10: 46001 | B10: Fernanda Caldeira | C10: Influenciadora da Doris | D10: 3800 | E10: Influenciadores | F10: Materiais de comunicação | G10: 46016 | J10: 31
B11: La Poele | C11: Local da confra | D11: 12600 | E11: Eventos/parcerias | F11: Fee | G11: 46016
A12: 45992 | B12: Meta | C12: Mídia paga | D12: 1001.98 | E12: Mídia paga | F12: Meta | G12: 46016 | J12: Clara
A13: 45997 | B13: Meta | C13: Mídia paga | D13: 1000.27 | E13: Mídia paga | F13: Meta | G13: 46016 | J13: Clara
A14: 46007 | B14: Meta | C14: Mídia paga | D14: 1001.94 | E14: Mídia paga | F14: Meta | G14: 46016 | J14: Clara | K14: PC 00/008493
A15: 46010 | B15: Meta | C15: Mídia paga | D15: 1000 | E15: Mídia paga | F15: Meta | G15: 46016 | J15: Clara | K15: PC 00/008493
A16: 46015 | B16: Meta | C16: Mídia paga | D16: 1000.44 | E16: Mídia paga | F16: Meta | G16: 46016 | J16: Clara | K16: PC 00/008495
A17: 46021 | B17: Meta | C17: Mídia paga | D17: 1000.26 | E17: Mídia paga | F17: Meta | G17: 46016 | J17: Clara | K17: PC 00/008497

Sheet Jan.26
A1: Date | B1: Suplier | C1: Description | D1: Price | E1: Category | F1: Details | G1: Reference | H1: NF recieved | I1: NF sent | J1: NF number | K1: PC | L1: Obs
A2: 46143 | B2: Meta | C2: Mídia paga | D2: 269.57 | E2: Mídia paga | F2: Meta | G2: 46048 | H2: 46143 | I2: 46143 | J2: Clara | K2: PC 00/008497 | L2: Recibos enviados. NF apenas em fev | M2: Recibo Meta 05 01.pdf
A3: 46143 | B3: Meta | C3: Mídia paga | D3: 730.43 | E3: Mídia paga | F3: Meta | G3: 46048 | H3: 46143 | I3: 46143 | J3: Clara | K3: PC 00/008497 | L3: Recibos enviados. NF apenas em fev | M3: Recibo Meta 05 01 (1).pdf | R3: Category | S3: Description | T3: Soma de Price
A4: 46296 | B4: Meta | C4: Mídia paga | D4: 1138.35 | E4: Mídia paga | F4: Meta | G4: 46048 | H4: 46296 | I4: 46357 | J4: Clara | K4: PC 00/008499 | L4: Recibos enviados. NF apenas em fev | M4: @ figueira, já subi no clara. Colocar recibo no Drive pf | R4: Influenciadores | S4: Fee assessoria - Isabela Mac | T4: 2900
A5: 46327 | B5: Zoho | C5: Mensalidade Plataforma CRM | D5: 181.83 | E5: Terceiros/Software/ Consultoria em MKT | F5: APPs e mensalidades | G5: 46048 | H5: 46327 | I5: 46357 | J5: Clara | K5: PC 00/008499 | S5: Fee Influencer | T5: 16400
A6: 46327 | B6: Zoho | C6: Mensalidade Plataforma CRM | D6: 220.5 | E6: Terceiros/Software/ Consultoria em MKT | F6: APPs e mensalidades | G6: 46048 | H6: 46327 | I6: 46357 | J6: Clara | K6: PC 00/008499 | R6: Influenciadores Total | T6: 19300
A7: 46357 | B7: Zoho | C7: Mensalidade Plataforma CRM | D7: 21.77 | E7: Terceiros/Software/ Consultoria em MKT | F7: APPs e mensalidades | G7: 46048 | H7: 46327 | I7: 46357 | J7: Clara | K7: PC 00/008499 | R7: Mídia paga | S7: Impsoto sobre Ads | T7: 57.89
A8: 46357 | B8: Isabela Mac | C8: Fee Influencer | D8: 11600 | E8: Influenciadores | F8: Fee | G8: 46048 | H8: 46357 | I8: 46357 | J8: 27 | K8: PC 00/008450 | S8: Mídia paga | T8: 13509.26
A9: 46357 | B9: GVS Serviços | C9: Fee assessoria - Isabela Mac | D9: 2900 | E9: Influenciadores | F9: Fee | G9: 46048 | H9: 46357 | I9: 46357 | J9: 165 | K9: PC 00/008451 | R9: Mídia paga Total | T9: 13567.15
A10: 13/1/2026 | B10: Meta | C10: Impsoto sobre Ads | D10: 19.3 | E10: Mídia paga | F10: Meta | G10: 46048 | H10: 13/1/2026 | I10: 13/1/2026 | J10: Clara | K10: PC 00/008499 | R10: Outros | S10: Mensalidade Plataforma CRM | T10: 424.1
A11: 13/1/2026 | B11: Meta | C11: Impsoto sobre Ads | D11: 38.59 | E11: Mídia paga | F11: Meta | G11: 46048 | H11: 13/1/2026 | I11: 13/1/2026 | J11: Clara | K11: PC 00/008499 | S11: Taxi - BR Partners | T11: 15.65
A12: 15/01/2026 | B12: Meta | C12: Mídia paga | D12: 10300 | E12: Mídia paga | F12: Meta | G12: 46048 | J12: Boleto | K12: PC 00/008488 | L12: Recibos enviados. NF apenas em fev | R12: Outros Total | T12: 439.75
A13: 16/1/2026 | B13: Meta | C13: Mídia paga | D13: 1070.91 | E13: Mídia paga | F13: Meta | G13: 46048 | H13: 16/1/2026 | I13: 16/1/2026 | J13: Clara | K13: PC 00/008559 | L13: Recibos enviados. NF apenas em fev | R13: Social/Produção de conteúdo | S13: Produção de Conteúdo | T13: 1500
A14: 16/1/2026 | B14: Mariana Aragão | C14: Fee Influencer | D14: 1000 | E14: Influenciadores | F14: Fee | G14: 46048 | H14: 16/1/2026 | I14: 16/1/2026 | J14: 516 | K14: PC 00/008283 | R14: Social/Produção de conteúdo Total | T14: 1500
A15: 19/1/2026 | B15: Taxi | C15: Taxi - BR Partners | D15: 15.65 | E15: Diretoria | F15: Reembolsos Louise | G15: Dez-25 | H15: - | I15: - | J15: Clara | K15: PC 00/008491 | L15: Taxi com Pedro e Julio para reunião com BR partners | R15: (vazio) | S15: (vazio)
A16: 46041 | B16: Fernanda Caldeira | C16: Fee Influencer | D16: 3800 | E16: Influenciadores | F16: Fee | G16: 46041 | H16: 46041 | I16: 46041 | J16: 33 | K16: PC 00/008325 | R16: (vazio) Total
A17: 46042 | B17: Jhen Films | C17: Produção de Conteúdo | D17: 1500 | E17: Social/Produção de conteúdo | F17: Produção de vídeo | G17: 46042 | H17: 46042 | I17: 46042 | J17: 20 | K17: PC 00/008363 | R17: Terceiros | S17: Fee mensal - agência | T17: 50000
A18: 26/01/2026 | B18: Propeg | C18: Fee mensal - agência | D18: 50000 | E18: Terceiros/Software/ Consultoria em MKT | F18: Agência de mkt | G18: 46042 | H18: 46049 | I18: 46049 | J18: 30775 | K18: PC 00/008511 | R18: Terceiros Total | T18: 50000
A19: 46357 | B19: Zoho | C19: Mensalidade Plataforma CRM | D19: 32.66 | E19: Terceiros/Software/ Consultoria em MKT | F19: APPs e mensalidades | G19: 46048 | H19: 46049 | I19: 46049 | J19: Clara | K19: PC 00/008559 | R19: Total Geral | T19: 84806.9
B20: Meta | C20: Acerto Mídia Paga controle Finanças | D20: 98.98 | E20: Mídia paga | F20: Meta | G20: 46048
B21: Figma | C21: Mensalidade Figma | D21: 519.98 | E21: Terceiros/Software/ Consultoria em MKT | F21: APPs e mensalidades | G21: 46048 | K21: Financeiro | L21: PC 00/008571 | M21: Diretamente do financeiro. Eles fazem o rateio entrr as areas
B22: Adobe | C22: Mensalidade Figma | D22: 775.8 | E22: Terceiros/Software/ Consultoria em MKT | F22: APPs e mensalidades | G22: 46048

Sheet Feb.26
A1: Date | B1: Suplier | C1: Description | D1: Price | E1: Category | F1: Details | G1: Reference | H1: NF recieved | I1: NF sent | J1: NF number | L1: PC | M1: Obs
A2: 46064 | B2: Zoho | C2: Mensalidade plataforma CRM | D2: 181.83 | E2: Terceiros/Software/ Consultoria em MKT | F2: APPs e mensalidades | G2: fev-26 | H2: 46064 | I2: 46064 | J2: 17992 | K2: Clara | L2: PC 00/008559
A3: 46064 | B3: Zoho | C3: Mensalidade plataforma CRM | D3: 310.5 | E3: Terceiros/Software/ Consultoria em MKT | F3: APPs e mensalidades | G3: fev-26 | H3: 46064 | I3: 46064 | J3: 17991 | K3: Clara | L3: PC 00/008559
A4: 46073 | B4: Figma | C4: Mensalidade Figma | D4: 490.2 | E4: Terceiros/Software/ Consultoria em MKT | F4: APPs e mensalidades | G4: fev-26 | K4: Financeiro | L4: PC 00/008571 | M4: Diretamente do financeiro. Eles fazem o rateio entrr as areas
A5: 46076 | B5: Propeg | C5: Agência de mkt Propeg | D5: 50000 | E5: Terceiros/Software/ Consultoria em MKT | F5: Agência de mkt | G5: fev-26 | H5: 46076 | I5: 46076 | J5: 30843 | K5: Financeiro | L5: PC 00/008511
B6: Adobe | C6: Mensalidade Adobe | D6: 682.2 | E6: Terceiros/Software/ Consultoria em MKT | F6: APPs e mensalidades | G6: fev-26 | K6: Financeiro | L6: PC 00/008571 | M6: Diretamente do financeiro. Eles fazem o rateio entrr as areas
B7: Meta | C7: Mídia paga | D7: 1070.91 | E7: Mídia paga | F7: Meta | G7: fev-26 | R7: Social/Produção de conteúdo | S7: Produção de Conteúdo | T7: 1500

Sheet Mar.26
A1: Date | B1: Suplier | C1: Description | D1: Price | E1: Category | F1: Details | G1: Reference | H1: NF recieved | I1: NF sent | J1: NF number | L1: PC | M1: Obs
A2: 45233 | B2: Zoho | C2: Mensalidade plataforma CRM | D2: 181.83 | E2: Terceiros/Software/ Consultoria em MKT | F2: APPs e mensalidades | G2: 46107 | H2: 45233 | I2: 45233 | J2: 25506 | K2: Clara
A3: 46329 | B3: Zoho | C3: Mensalidade plataforma CRM | D3: 310.5 | E3: Terceiros/Software/ Consultoria em MKT | F3: APPs e mensalidades | G3: 46107 | H3: 46329 | I3: 46329 | J3: 25502 | K3: Clara
A4: 46359 | B4: Propeg | C4: Vídeo de lançamento APP | D4: 52990 | E4: Branding | F4: Vídeo de marca | G4: 46107 | H4: 46359 | I4: 13/3/2026 | J4: 30942 | M4: 50% no ato e 50% em 30 dias
B5: Propeg | C5: Vídeo de lançamento APP | D5: 52990 | E5: Branding | F5: Vídeo de marca | G5: 46107 | M5: 50% no ato e 50% em 30 dias
A6: 46099 | B6: Propeg | C6: Agência de mkt Propeg | D6: 50000 | E6: Terceiros/Software/ Consultoria em MKT | F6: Agência de mkt | G6: 46099 | H6: 46099 | I6: 46099 | J6: 31024 | K6: Financeiro | L6: PC 00/008649
R7: Social/Produção de conteúdo | S7: Produção de Conteúdo | T7: 1500
B10: Figma | C10: Mensalidade Figma | D10: 490.2 | E10: Terceiros/Software/ Consultoria em MKT | F10: APPs e mensalidades
B11: Adobe | C11: Mensalidade Adobe | D11: 682.2 | E11: Terceiros/Software/ Consultoria em MKT | F11: APPs e mensalidades
A12: 46108 | B12: Assessoria Isabela Mac | C12: Fee Assessoria Influencer | D12: 2900 | E12: Influenciadores | F12: Fee | G12: 46108 | H12: 46108 | I12: 46108 | J12: 197 | K12: Financeiro | L12: PC 00/008451
A13: 46108 | B13: Isabela Mac | C13: Fee Influencer | D13: 11600 | E13: Influenciadores | F13: Fee | G13: 46108 | H13: 46108 | I13: 46108 | J13: 47 | K13: Financeiro | L13: PC 00/008450
A14: 46108 | B14: Fernanda Caldeira | C14: Fee Influencer | D14: 3800 | E14: Influenciadores | F14: Fee | G14: 46108 | H14: 46108 | I14: 46108 | J14: 34 | K14: Financeiro | L14: PC 00/008325
D19: =SUM(D2:D18) -> 175944.73
